Text,Personality
I feel bored when alone #995,Extrovert
I prefer spending time alone reading books #70,Introvert
I enjoy solo hobbies like painting #90,Introvert
I feel energized in crowds #408,Extrovert
I enjoy solo hobbies like painting #459,Introvert
I enjoy solo hobbies like painting #518,Introvert
I like working independently #200,Introvert
I enjoy parties and social events #579,Extrovert
I prefer spending time alone reading books #819,Introvert
I like being the center of attention #905,Extrovert
I feel energized in crowds #352,Extrovert
I feel energized in crowds #618,Extrovert
I love meeting new people #41,Extrovert
I prefer texting over calling #802,Introvert
I enjoy group activities #479,Extrovert
I like small group conversations #279,Introvert
I like being the center of attention #989,Extrovert
I feel drained after social gatherings #869,Introvert
I love meeting new people #47,Extrovert
I love meeting new people #525,Extrovert
I love meeting new people #17,Extrovert
I enjoy talking on calls for hours #189,Extrovert
I like working independently #537,Introvert
I like being the center of attention #700,Extrovert
I enjoy group activities #713,Extrovert
I actively participate in events #370,Extrovert
I enjoy quiet evenings at home #684,Introvert
I love hanging out with friends #987,Extrovert
I actively participate in events #245,Extrovert
I love hanging out with friends #221,Extrovert
I enjoy talking on calls for hours #287,Extrovert
I avoid large crowds #56,Introvert
I feel drained after social gatherings #547,Introvert
I prefer staying home on weekends #406,Introvert
I like working in teams #42,Extrovert
I like working independently #230,Introvert
I like working independently #299,Introvert
I prefer texting over calling #418,Introvert
I feel drained after social gatherings #227,Introvert
I actively participate in events #624,Extrovert
I like working in teams #953,Extrovert
I enjoy quiet evenings at home #171,Introvert
I feel comfortable being alone #27,Introvert
I like working in teams #652,Extrovert
I feel energized in crowds #414,Extrovert
I enjoy quiet evenings at home #261,Introvert
I enjoy group activities #0,Extrovert
I like working in teams #959,Extrovert
I prefer staying home on weekends #315,Introvert
I love meeting new people #834,Extrovert
I like working in teams #580,Extrovert
I avoid large crowds #241,Introvert
I love hanging out with friends #804,Extrovert
I feel energized in crowds #11,Extrovert
I enjoy group activities #3,Extrovert
I feel drained after social gatherings #591,Introvert
I prefer spending time alone reading books #999,Introvert
I enjoy talking on calls for hours #614,Extrovert
I enjoy group activities #102,Extrovert
I actively participate in events #486,Extrovert
I enjoy talking on calls for hours #261,Extrovert
I avoid large crowds #46,Introvert
I enjoy talking on calls for hours #603,Extrovert
I like working in teams #45,Extrovert
I enjoy solo hobbies like painting #909,Introvert
I actively participate in events #267,Extrovert
I enjoy solo hobbies like painting #758,Introvert
I enjoy group activities #493,Extrovert
I like working independently #505,Introvert
I feel energized in crowds #875,Extrovert
I avoid large crowds #185,Introvert
I prefer spending time alone reading books #775,Introvert
I love hanging out with friends #815,Extrovert
I enjoy solo hobbies like painting #706,Introvert
I prefer staying home on weekends #923,Introvert
I like working independently #995,Introvert
I feel comfortable being alone #668,Introvert
I feel comfortable being alone #807,Introvert
I prefer spending time alone reading books #272,Introvert
I feel comfortable being alone #884,Introvert
I love meeting new people #311,Extrovert
I enjoy talking on calls for hours #549,Extrovert
I feel bored when alone #328,Extrovert
I like working independently #622,Introvert
I like working independently #701,Introvert
I prefer staying home on weekends #342,Introvert
I prefer spending time alone reading books #698,Introvert
I love hanging out with friends #671,Extrovert
I feel drained after social gatherings #554,Introvert
I feel comfortable being alone #951,Introvert
I enjoy parties and social events #835,Extrovert
I prefer texting over calling #178,Introvert
I enjoy group activities #811,Extrovert
I prefer texting over calling #836,Introvert
I like being the center of attention #18,Extrovert
I enjoy parties and social events #69,Extrovert
I enjoy parties and social events #163,Extrovert
I feel bored when alone #430,Extrovert
I enjoy quiet evenings at home #546,Introvert
I love hanging out with friends #114,Extrovert
I like working in teams #856,Extrovert
I love meeting new people #717,Extrovert
I actively participate in events #458,Extrovert
I love hanging out with friends #663,Extrovert
I like working in teams #610,Extrovert
I actively participate in events #629,Extrovert
I enjoy group activities #427,Extrovert
I feel comfortable being alone #652,Introvert
I like working in teams #530,Extrovert
I love hanging out with friends #924,Extrovert
I enjoy quiet evenings at home #356,Introvert
I enjoy group activities #218,Extrovert
I prefer texting over calling #904,Introvert
I enjoy quiet evenings at home #980,Introvert
I enjoy quiet evenings at home #972,Introvert
I like working independently #81,Introvert
I prefer staying home on weekends #531,Introvert
I prefer staying home on weekends #613,Introvert
I love meeting new people #281,Extrovert
I feel bored when alone #956,Extrovert
I feel energized in crowds #724,Extrovert
I enjoy group activities #926,Extrovert
I like working in teams #322,Extrovert
I enjoy talking on calls for hours #725,Extrovert
I prefer texting over calling #875,Introvert
I prefer staying home on weekends #941,Introvert
I prefer spending time alone reading books #984,Introvert
I love hanging out with friends #399,Extrovert
I feel energized in crowds #376,Extrovert
I love hanging out with friends #531,Extrovert
I prefer texting over calling #917,Introvert
I prefer texting over calling #949,Introvert
I feel comfortable being alone #514,Introvert
I feel comfortable being alone #240,Introvert
I love hanging out with friends #867,Extrovert
I enjoy quiet evenings at home #128,Introvert
I like working independently #850,Introvert
I feel drained after social gatherings #765,Introvert
I enjoy group activities #716,Extrovert
I like working independently #478,Introvert
I like working in teams #313,Extrovert
I enjoy quiet evenings at home #605,Introvert
I feel energized in crowds #149,Extrovert
I enjoy quiet evenings at home #636,Introvert
I like working in teams #54,Extrovert
I prefer spending time alone reading books #7,Introvert
I enjoy quiet evenings at home #823,Introvert
I prefer staying home on weekends #435,Introvert
I like working in teams #658,Extrovert
I feel energized in crowds #526,Extrovert
I like being the center of attention #432,Extrovert
I prefer staying home on weekends #93,Introvert
I like working independently #760,Introvert
I feel energized in crowds #694,Extrovert
I love meeting new people #165,Extrovert
I like being the center of attention #6,Extrovert
I like working in teams #10,Extrovert
I like being the center of attention #419,Extrovert
I prefer spending time alone reading books #548,Introvert
I like small group conversations #888,Introvert
I feel energized in crowds #21,Extrovert
I feel comfortable being alone #880,Introvert
I feel energized in crowds #98,Extrovert
I actively participate in events #365,Extrovert
I feel comfortable being alone #897,Introvert
I like small group conversations #784,Introvert
I prefer staying home on weekends #51,Introvert
I feel bored when alone #946,Extrovert
I prefer spending time alone reading books #101,Introvert
I like working independently #389,Introvert
I love meeting new people #193,Extrovert
I like small group conversations #681,Introvert
I enjoy quiet evenings at home #361,Introvert
I love meeting new people #911,Extrovert
I feel bored when alone #366,Extrovert
I love meeting new people #534,Extrovert
I enjoy solo hobbies like painting #567,Introvert
I enjoy parties and social events #782,Extrovert
I feel bored when alone #515,Extrovert
I enjoy group activities #177,Extrovert
I like being the center of attention #632,Extrovert
I like working independently #950,Introvert
I like being the center of attention #561,Extrovert
I actively participate in events #387,Extrovert
I enjoy quiet evenings at home #519,Introvert
I enjoy solo hobbies like painting #864,Introvert
I avoid large crowds #202,Introvert
I prefer spending time alone reading books #288,Introvert
I enjoy group activities #697,Extrovert
I enjoy quiet evenings at home #131,Introvert
I enjoy quiet evenings at home #339,Introvert
I like working in teams #353,Extrovert
I enjoy group activities #28,Extrovert
I love meeting new people #683,Extrovert
I feel energized in crowds #222,Extrovert
I prefer spending time alone reading books #123,Introvert
I prefer spending time alone reading books #417,Introvert
I feel bored when alone #997,Extrovert
I feel energized in crowds #81,Extrovert
I feel comfortable being alone #826,Introvert
I prefer staying home on weekends #350,Introvert
I love meeting new people #33,Extrovert
I enjoy parties and social events #46,Extrovert
I enjoy group activities #77,Extrovert
I like small group conversations #268,Introvert
I feel comfortable being alone #367,Introvert
I prefer spending time alone reading books #882,Introvert
I love hanging out with friends #756,Extrovert
I avoid large crowds #582,Introvert
I enjoy group activities #450,Extrovert
I love meeting new people #841,Extrovert
I enjoy quiet evenings at home #842,Introvert
I feel bored when alone #301,Extrovert
I prefer spending time alone reading books #237,Introvert
I feel comfortable being alone #637,Introvert
I prefer spending time alone reading books #492,Introvert
I feel drained after social gatherings #392,Introvert
I avoid large crowds #990,Introvert
I actively participate in events #968,Extrovert
I like working in teams #260,Extrovert
I enjoy parties and social events #338,Extrovert
I enjoy group activities #1,Extrovert
I prefer texting over calling #598,Introvert
I prefer texting over calling #234,Introvert
I prefer staying home on weekends #766,Introvert
I feel energized in crowds #720,Extrovert
I enjoy quiet evenings at home #587,Introvert
I enjoy group activities #893,Extrovert
I actively participate in events #743,Extrovert
I like small group conversations #427,Introvert
I prefer spending time alone reading books #628,Introvert
I actively participate in events #766,Extrovert
I feel drained after social gatherings #153,Introvert
I enjoy parties and social events #118,Extrovert
I feel bored when alone #985,Extrovert
I avoid large crowds #20,Introvert
I like working in teams #272,Extrovert
I prefer texting over calling #703,Introvert
I enjoy solo hobbies like painting #794,Introvert
I prefer texting over calling #834,Introvert
I avoid large crowds #33,Introvert
I actively participate in events #291,Extrovert
I prefer staying home on weekends #47,Introvert
I feel drained after social gatherings #541,Introvert
I like working independently #571,Introvert
I actively participate in events #975,Extrovert
I prefer staying home on weekends #825,Introvert
I actively participate in events #699,Extrovert
I avoid large crowds #742,Introvert
I feel energized in crowds #142,Extrovert
I enjoy parties and social events #342,Extrovert
I like working in teams #386,Extrovert
I avoid large crowds #506,Introvert
I enjoy group activities #306,Extrovert
I feel drained after social gatherings #37,Introvert
I prefer staying home on weekends #168,Introvert
I avoid large crowds #111,Introvert
I enjoy solo hobbies like painting #496,Introvert
I feel drained after social gatherings #803,Introvert
I avoid large crowds #82,Introvert
I prefer texting over calling #461,Introvert
I feel drained after social gatherings #634,Introvert
I like working in teams #110,Extrovert
I like working in teams #869,Extrovert
I like working in teams #704,Extrovert
I avoid large crowds #141,Introvert
I enjoy talking on calls for hours #127,Extrovert
I like being the center of attention #750,Extrovert
I feel drained after social gatherings #983,Introvert
I prefer texting over calling #752,Introvert
I like being the center of attention #264,Extrovert
I prefer staying home on weekends #169,Introvert
I love hanging out with friends #568,Extrovert
I prefer staying home on weekends #693,Introvert
I enjoy talking on calls for hours #994,Extrovert
I like working in teams #662,Extrovert
I prefer spending time alone reading books #353,Introvert
I prefer texting over calling #262,Introvert
I enjoy group activities #678,Extrovert
I feel energized in crowds #70,Extrovert
I avoid large crowds #104,Introvert
I feel comfortable being alone #108,Introvert
I actively participate in events #806,Extrovert
I enjoy solo hobbies like painting #280,Introvert
I feel drained after social gatherings #597,Introvert
I enjoy parties and social events #126,Extrovert
I like small group conversations #307,Introvert
I enjoy talking on calls for hours #784,Extrovert
I feel comfortable being alone #182,Introvert
I love meeting new people #460,Extrovert
I actively participate in events #473,Extrovert
I prefer staying home on weekends #575,Introvert
I feel drained after social gatherings #776,Introvert
I like working in teams #840,Extrovert
I prefer spending time alone reading books #4,Introvert
I like working in teams #828,Extrovert
I love hanging out with friends #965,Extrovert
I like being the center of attention #316,Extrovert
I like working independently #370,Introvert
I like being the center of attention #318,Extrovert
I like small group conversations #373,Introvert
I prefer staying home on weekends #799,Introvert
I prefer staying home on weekends #749,Introvert
I actively participate in events #868,Extrovert
I enjoy talking on calls for hours #307,Extrovert
I feel bored when alone #548,Extrovert
I enjoy group activities #451,Extrovert
I feel comfortable being alone #92,Introvert
I prefer staying home on weekends #446,Introvert
I enjoy solo hobbies like painting #609,Introvert
I feel bored when alone #137,Extrovert
I prefer staying home on weekends #179,Introvert
I prefer staying home on weekends #395,Introvert
I enjoy solo hobbies like painting #831,Introvert
I prefer staying home on weekends #900,Introvert
I love meeting new people #455,Extrovert
I enjoy parties and social events #32,Extrovert
I enjoy group activities #216,Extrovert
I enjoy group activities #745,Extrovert
I prefer texting over calling #190,Introvert
I prefer texting over calling #45,Introvert
I love meeting new people #362,Extrovert
I feel comfortable being alone #475,Introvert
I prefer texting over calling #967,Introvert
I enjoy quiet evenings at home #618,Introvert
I like working independently #662,Introvert
I enjoy parties and social events #169,Extrovert
I love meeting new people #355,Extrovert
I feel energized in crowds #631,Extrovert
I feel drained after social gatherings #720,Introvert
I enjoy group activities #742,Extrovert
I enjoy parties and social events #244,Extrovert
I like being the center of attention #197,Extrovert
I avoid large crowds #35,Introvert
I love meeting new people #825,Extrovert
I enjoy quiet evenings at home #956,Introvert
I actively participate in events #229,Extrovert
I feel energized in crowds #931,Extrovert
I like being the center of attention #902,Extrovert
I prefer spending time alone reading books #454,Introvert
I like being the center of attention #60,Extrovert
I enjoy quiet evenings at home #5,Introvert
I enjoy solo hobbies like painting #976,Introvert
I actively participate in events #706,Extrovert
I feel bored when alone #208,Extrovert
I enjoy quiet evenings at home #426,Introvert
I like small group conversations #139,Introvert
I enjoy parties and social events #300,Extrovert
I like working in teams #730,Extrovert
I feel bored when alone #816,Extrovert
I like working in teams #722,Extrovert
I like being the center of attention #770,Extrovert
I enjoy quiet evenings at home #595,Introvert
I love hanging out with friends #105,Extrovert
I feel comfortable being alone #134,Introvert
I enjoy group activities #923,Extrovert
I like being the center of attention #778,Extrovert
I feel energized in crowds #61,Extrovert
I prefer texting over calling #467,Introvert
I actively participate in events #625,Extrovert
I love hanging out with friends #23,Extrovert
I enjoy quiet evenings at home #851,Introvert
I love hanging out with friends #144,Extrovert
I like small group conversations #991,Introvert
I like small group conversations #688,Introvert
I like small group conversations #89,Introvert
I prefer spending time alone reading books #253,Introvert
I like small group conversations #932,Introvert
I like working in teams #967,Extrovert
I love meeting new people #391,Extrovert
I like small group conversations #503,Introvert
I love hanging out with friends #915,Extrovert
I like small group conversations #741,Introvert
I prefer texting over calling #593,Introvert
I like working independently #393,Introvert
I feel bored when alone #182,Extrovert
I avoid large crowds #313,Introvert
I enjoy parties and social events #940,Extrovert
I prefer staying home on weekends #44,Introvert
I like small group conversations #147,Introvert
I love meeting new people #335,Extrovert
I enjoy solo hobbies like painting #621,Introvert
I like working independently #151,Introvert
I prefer staying home on weekends #13,Introvert
I feel drained after social gatherings #11,Introvert
I like working in teams #420,Extrovert
I enjoy talking on calls for hours #626,Extrovert
I feel bored when alone #104,Extrovert
I avoid large crowds #822,Introvert
I feel bored when alone #232,Extrovert
I like being the center of attention #894,Extrovert
I love meeting new people #538,Extrovert
I feel comfortable being alone #499,Introvert
I feel energized in crowds #938,Extrovert
I feel energized in crowds #681,Extrovert
I love hanging out with friends #449,Extrovert
I like small group conversations #948,Introvert
I love meeting new people #354,Extrovert
I actively participate in events #263,Extrovert
I feel drained after social gatherings #229,Introvert
I feel energized in crowds #364,Extrovert
I enjoy group activities #686,Extrovert
I feel energized in crowds #660,Extrovert
I love meeting new people #842,Extrovert
I enjoy group activities #440,Extrovert
I enjoy talking on calls for hours #654,Extrovert
I feel drained after social gatherings #137,Introvert
I feel drained after social gatherings #368,Introvert
I feel comfortable being alone #539,Introvert
I like working in teams #422,Extrovert
I feel drained after social gatherings #728,Introvert
I feel energized in crowds #813,Extrovert
I like working in teams #310,Extrovert
I feel energized in crowds #649,Extrovert
I feel bored when alone #708,Extrovert
I like working independently #267,Introvert
I like being the center of attention #157,Extrovert
I enjoy quiet evenings at home #140,Introvert
I enjoy talking on calls for hours #30,Extrovert
I feel drained after social gatherings #18,Introvert
I like small group conversations #872,Introvert
I enjoy group activities #292,Extrovert
I like working in teams #783,Extrovert
I feel drained after social gatherings #433,Introvert
I enjoy group activities #517,Extrovert
I enjoy quiet evenings at home #788,Introvert
I enjoy parties and social events #958,Extrovert
I actively participate in events #907,Extrovert
I enjoy talking on calls for hours #138,Extrovert
I prefer texting over calling #847,Introvert
I feel comfortable being alone #470,Introvert
I like working in teams #282,Extrovert
I like working independently #321,Introvert
I feel energized in crowds #298,Extrovert
I like working in teams #305,Extrovert
I actively participate in events #659,Extrovert
I enjoy solo hobbies like painting #761,Introvert
I feel drained after social gatherings #297,Introvert
I feel drained after social gatherings #898,Introvert
I prefer texting over calling #98,Introvert
I like being the center of attention #752,Extrovert
I prefer spending time alone reading books #540,Introvert
I like small group conversations #119,Introvert
I like working independently #489,Introvert
I love meeting new people #78,Extrovert
I enjoy solo hobbies like painting #362,Introvert
I prefer staying home on weekends #861,Introvert
I feel drained after social gatherings #635,Introvert
I feel drained after social gatherings #469,Introvert
I like being the center of attention #823,Extrovert
I enjoy quiet evenings at home #648,Introvert
I prefer texting over calling #602,Introvert
I enjoy talking on calls for hours #130,Extrovert
I feel energized in crowds #696,Extrovert
I feel energized in crowds #508,Extrovert
I like working independently #482,Introvert
I like being the center of attention #529,Extrovert
I like being the center of attention #665,Extrovert
I enjoy group activities #312,Extrovert
I enjoy group activities #270,Extrovert
I like small group conversations #83,Introvert
I like being the center of attention #90,Extrovert
I feel bored when alone #494,Extrovert
I like small group conversations #228,Introvert
I like being the center of attention #184,Extrovert
I like being the center of attention #641,Extrovert
I prefer spending time alone reading books #887,Introvert
I like being the center of attention #914,Extrovert
I like working independently #924,Introvert
I feel drained after social gatherings #581,Introvert
I prefer staying home on weekends #109,Introvert
I enjoy quiet evenings at home #3,Introvert
I avoid large crowds #916,Introvert
I feel bored when alone #438,Extrovert
I enjoy group activities #707,Extrovert
I like working in teams #522,Extrovert
I prefer staying home on weekends #928,Introvert
I feel bored when alone #646,Extrovert
I love meeting new people #970,Extrovert
I feel energized in crowds #51,Extrovert
I feel comfortable being alone #217,Introvert
I actively participate in events #805,Extrovert
I feel drained after social gatherings #363,Introvert
I enjoy group activities #797,Extrovert
I enjoy solo hobbies like painting #225,Introvert
I prefer spending time alone reading books #536,Introvert
I enjoy parties and social events #410,Extrovert
I like being the center of attention #954,Extrovert
I like working in teams #781,Extrovert
I like working independently #191,Introvert
I feel energized in crowds #588,Extrovert
I love hanging out with friends #472,Extrovert
I enjoy parties and social events #909,Extrovert
I feel comfortable being alone #723,Introvert
I feel comfortable being alone #95,Introvert
I actively participate in events #477,Extrovert
I prefer texting over calling #650,Introvert
I prefer spending time alone reading books #533,Introvert
I feel comfortable being alone #170,Introvert
I like working in teams #437,Extrovert
I enjoy group activities #966,Extrovert
I feel comfortable being alone #692,Introvert
I enjoy parties and social events #214,Extrovert
I like being the center of attention #908,Extrovert
I feel drained after social gatherings #358,Introvert
I love hanging out with friends #866,Extrovert
I prefer spending time alone reading books #298,Introvert
I feel comfortable being alone #67,Introvert
I feel energized in crowds #456,Extrovert
I feel drained after social gatherings #944,Introvert
I love hanging out with friends #999,Extrovert
I enjoy group activities #853,Extrovert
I feel bored when alone #572,Extrovert
I feel energized in crowds #252,Extrovert
I actively participate in events #543,Extrovert
I like being the center of attention #852,Extrovert
I enjoy talking on calls for hours #160,Extrovert
I prefer texting over calling #672,Introvert
I avoid large crowds #750,Introvert
I prefer staying home on weekends #226,Introvert
I feel bored when alone #284,Extrovert
I feel drained after social gatherings #207,Introvert
I prefer texting over calling #860,Introvert
I feel bored when alone #524,Extrovert
I prefer texting over calling #727,Introvert
I prefer staying home on weekends #961,Introvert
I feel drained after social gatherings #645,Introvert
I feel bored when alone #190,Extrovert
I prefer texting over calling #934,Introvert
I like working in teams #669,Extrovert
I like working in teams #520,Extrovert
I enjoy group activities #324,Extrovert
I actively participate in events #117,Extrovert
I enjoy group activities #639,Extrovert
I feel bored when alone #638,Extrovert
I feel bored when alone #876,Extrovert
I like being the center of attention #794,Extrovert
I like working in teams #843,Extrovert
I actively participate in events #643,Extrovert
I actively participate in events #537,Extrovert
I actively participate in events #269,Extrovert
I prefer texting over calling #806,Introvert
I prefer staying home on weekends #239,Introvert
I enjoy solo hobbies like painting #318,Introvert
I avoid large crowds #236,Introvert
I feel drained after social gatherings #722,Introvert
I feel drained after social gatherings #352,Introvert
I prefer texting over calling #858,Introvert
I like being the center of attention #587,Extrovert
I like small group conversations #801,Introvert
I enjoy solo hobbies like painting #815,Introvert
I prefer staying home on weekends #520,Introvert
I enjoy parties and social events #747,Extrovert
I enjoy solo hobbies like painting #770,Introvert
I like working independently #278,Introvert
I like working in teams #2,Extrovert
I like small group conversations #437,Introvert
I enjoy group activities #712,Extrovert
I prefer staying home on weekends #331,Introvert
I like working independently #345,Introvert
I like working independently #845,Introvert
I enjoy quiet evenings at home #462,Introvert
I like being the center of attention #895,Extrovert
I avoid large crowds #175,Introvert
I love hanging out with friends #469,Extrovert
I love hanging out with friends #251,Extrovert
I enjoy quiet evenings at home #666,Introvert
I like working in teams #936,Extrovert
I like small group conversations #466,Introvert
I enjoy solo hobbies like painting #827,Introvert
I feel drained after social gatherings #735,Introvert
I love meeting new people #20,Extrovert
I prefer texting over calling #149,Introvert
I enjoy group activities #971,Extrovert
I like working in teams #710,Extrovert
I love hanging out with friends #434,Extrovert
I avoid large crowds #369,Introvert
I like working in teams #650,Extrovert
I enjoy solo hobbies like painting #841,Introvert
I like working in teams #882,Extrovert
I like working in teams #411,Extrovert
I avoid large crowds #821,Introvert
I prefer texting over calling #340,Introvert
I enjoy quiet evenings at home #586,Introvert
I feel drained after social gatherings #303,Introvert
I enjoy talking on calls for hours #810,Extrovert
I prefer staying home on weekends #483,Introvert
I feel drained after social gatherings #332,Introvert
I love hanging out with friends #715,Extrovert
I feel comfortable being alone #744,Introvert
I prefer texting over calling #737,Introvert
I feel energized in crowds #418,Extrovert
I avoid large crowds #733,Introvert
I enjoy quiet evenings at home #675,Introvert
I feel energized in crowds #347,Extrovert
I feel comfortable being alone #695,Introvert
I love hanging out with friends #920,Extrovert
I feel drained after social gatherings #19,Introvert
I like working independently #397,Introvert
I enjoy parties and social events #164,Extrovert
I enjoy parties and social events #573,Extrovert
I feel comfortable being alone #296,Introvert
I feel bored when alone #740,Extrovert
I enjoy talking on calls for hours #498,Extrovert
I prefer texting over calling #59,Introvert
I feel bored when alone #726,Extrovert
I feel comfortable being alone #658,Introvert
I prefer spending time alone reading books #511,Introvert
I enjoy quiet evenings at home #107,Introvert
I prefer staying home on weekends #585,Introvert
I like working independently #72,Introvert
I like working independently #911,Introvert
I prefer staying home on weekends #1,Introvert
I enjoy parties and social events #596,Extrovert
I prefer texting over calling #856,Introvert
I feel comfortable being alone #975,Introvert
I feel bored when alone #984,Extrovert
I feel bored when alone #74,Extrovert
I feel drained after social gatherings #125,Introvert
I enjoy talking on calls for hours #349,Extrovert
I like working independently #683,Introvert
I like working in teams #576,Extrovert
I enjoy talking on calls for hours #506,Extrovert
I enjoy quiet evenings at home #198,Introvert
I like small group conversations #96,Introvert
I prefer texting over calling #416,Introvert
I like small group conversations #291,Introvert
I prefer spending time alone reading books #731,Introvert
I feel drained after social gatherings #248,Introvert
I love hanging out with friends #976,Extrovert
I prefer texting over calling #204,Introvert
I prefer texting over calling #374,Introvert
I enjoy quiet evenings at home #855,Introvert
I enjoy parties and social events #95,Extrovert
I feel drained after social gatherings #212,Introvert
I prefer texting over calling #359,Introvert
I enjoy quiet evenings at home #431,Introvert
I prefer texting over calling #287,Introvert
I prefer spending time alone reading books #529,Introvert
I enjoy parties and social events #262,Extrovert
I actively participate in events #559,Extrovert
I like small group conversations #616,Introvert
I actively participate in events #521,Extrovert
I like being the center of attention #333,Extrovert
I feel drained after social gatherings #407,Introvert
I prefer texting over calling #69,Introvert
I like being the center of attention #206,Extrovert
I avoid large crowds #386,Introvert
I prefer spending time alone reading books #485,Introvert
I like being the center of attention #675,Extrovert
I feel drained after social gatherings #34,Introvert
I avoid large crowds #48,Introvert
I actively participate in events #600,Extrovert
I enjoy talking on calls for hours #761,Extrovert
I prefer spending time alone reading books #99,Introvert
I enjoy solo hobbies like painting #208,Introvert
I feel bored when alone #877,Extrovert
I feel energized in crowds #444,Extrovert
I feel drained after social gatherings #501,Introvert
I avoid large crowds #284,Introvert
I enjoy talking on calls for hours #934,Extrovert
I enjoy group activities #812,Extrovert
I like small group conversations #277,Introvert
I like working in teams #885,Extrovert
I feel bored when alone #412,Extrovert
I like working in teams #734,Extrovert
I actively participate in events #265,Extrovert
I feel bored when alone #577,Extrovert
I enjoy quiet evenings at home #167,Introvert
I feel energized in crowds #465,Extrovert
I feel energized in crowds #735,Extrovert
I feel bored when alone #613,Extrovert
I like working in teams #238,Extrovert
I prefer staying home on weekends #23,Introvert
I enjoy talking on calls for hours #441,Extrovert
I like small group conversations #601,Introvert
I feel energized in crowds #758,Extrovert
I enjoy parties and social events #83,Extrovert
I feel drained after social gatherings #259,Introvert
I actively participate in events #158,Extrovert
I love hanging out with friends #881,Extrovert
I feel energized in crowds #185,Extrovert
I enjoy parties and social events #545,Extrovert
I like working in teams #24,Extrovert
I love hanging out with friends #62,Extrovert
I enjoy solo hobbies like painting #868,Introvert
I feel comfortable being alone #915,Introvert
I avoid large crowds #238,Introvert
I feel bored when alone #187,Extrovert
I feel bored when alone #340,Extrovert
I feel comfortable being alone #870,Introvert
I enjoy group activities #509,Extrovert
I enjoy talking on calls for hours #884,Extrovert
I feel bored when alone #25,Extrovert
I like being the center of attention #186,Extrovert
I enjoy solo hobbies like painting #40,Introvert
I enjoy solo hobbies like painting #565,Introvert
I enjoy talking on calls for hours #224,Extrovert
I enjoy talking on calls for hours #581,Extrovert
I prefer staying home on weekends #282,Introvert
I feel drained after social gatherings #603,Introvert
I prefer texting over calling #854,Introvert
I enjoy solo hobbies like painting #378,Introvert
I like working independently #624,Introvert
I love meeting new people #991,Extrovert
I feel energized in crowds #872,Extrovert
I avoid large crowds #596,Introvert
I avoid large crowds #235,Introvert
I prefer texting over calling #906,Introvert
I enjoy quiet evenings at home #569,Introvert
I like working independently #626,Introvert
I feel comfortable being alone #419,Introvert
I like working independently #41,Introvert
I enjoy group activities #818,Extrovert
I feel bored when alone #871,Extrovert
I enjoy talking on calls for hours #435,Extrovert
I enjoy solo hobbies like painting #12,Introvert
I love meeting new people #633,Extrovert
I feel energized in crowds #140,Extrovert
I like being the center of attention #986,Extrovert
I love hanging out with friends #890,Extrovert
I feel comfortable being alone #274,Introvert
I feel energized in crowds #147,Extrovert
I enjoy talking on calls for hours #452,Extrovert
I prefer texting over calling #787,Introvert
I like working in teams #507,Extrovert
I feel energized in crowds #303,Extrovert
I feel drained after social gatherings #814,Introvert
I prefer spending time alone reading books #402,Introvert
I like working independently #484,Introvert
I like small group conversations #429,Introvert
I feel drained after social gatherings #221,Introvert
I actively participate in events #67,Extrovert
I like small group conversations #813,Introvert
I like small group conversations #889,Introvert
I prefer staying home on weekends #432,Introvert
I feel bored when alone #837,Extrovert
I prefer staying home on weekends #415,Introvert
I enjoy parties and social events #334,Extrovert
I prefer spending time alone reading books #793,Introvert
I love meeting new people #446,Extrovert
I actively participate in events #891,Extrovert
I enjoy parties and social events #285,Extrovert
I feel comfortable being alone #734,Introvert
I feel comfortable being alone #400,Introvert
I feel drained after social gatherings #428,Introvert
I like small group conversations #129,Introvert
I enjoy parties and social events #779,Extrovert
I actively participate in events #651,Extrovert
I enjoy group activities #92,Extrovert
I like working in teams #558,Extrovert
I feel energized in crowds #330,Extrovert
I love hanging out with friends #445,Extrovert
I love meeting new people #490,Extrovert
I feel drained after social gatherings #535,Introvert
I like small group conversations #324,Introvert
I enjoy parties and social events #532,Extrovert
I love hanging out with friends #89,Extrovert
I prefer texting over calling #817,Introvert
I like working independently #275,Introvert
I enjoy group activities #315,Extrovert
I feel bored when alone #36,Extrovert
I like working in teams #898,Extrovert
I like being the center of attention #755,Extrovert
I feel drained after social gatherings #583,Introvert
I enjoy talking on calls for hours #685,Extrovert
I prefer spending time alone reading books #959,Introvert
I enjoy solo hobbies like painting #327,Introvert
I enjoy solo hobbies like painting #550,Introvert
I like working in teams #37,Extrovert
I love hanging out with friends #79,Extrovert
I enjoy solo hobbies like painting #867,Introvert
I like working independently #893,Introvert
I actively participate in events #933,Extrovert
I feel energized in crowds #566,Extrovert
I actively participate in events #201,Extrovert
I enjoy solo hobbies like painting #786,Introvert
I like working independently #292,Introvert
I feel bored when alone #673,Extrovert
I like working independently #627,Introvert
I like being the center of attention #112,Extrovert
I enjoy group activities #198,Extrovert
I prefer spending time alone reading books #338,Introvert
I love hanging out with friends #749,Extrovert
I prefer staying home on weekends #974,Introvert
I prefer spending time alone reading books #522,Introvert
I enjoy talking on calls for hours #803,Extrovert
I like being the center of attention #851,Extrovert
I feel bored when alone #34,Extrovert
I prefer staying home on weekends #538,Introvert
I love meeting new people #903,Extrovert
I enjoy quiet evenings at home #0,Introvert
I actively participate in events #497,Extrovert
I love hanging out with friends #951,Extrovert
I prefer texting over calling #989,Introvert
I enjoy talking on calls for hours #932,Extrovert
I avoid large crowds #524,Introvert
I enjoy parties and social events #616,Extrovert
I feel bored when alone #634,Extrovert
I prefer staying home on weekends #979,Introvert
I actively participate in events #701,Extrovert
I enjoy quiet evenings at home #863,Introvert
I love hanging out with friends #170,Extrovert
I like small group conversations #16,Introvert
I like working independently #263,Introvert
I prefer staying home on weekends #832,Introvert
I actively participate in events #85,Extrovert
I like being the center of attention #942,Extrovert
I like being the center of attention #528,Extrovert
I enjoy solo hobbies like painting #244,Introvert
I like working independently #557,Introvert
I enjoy group activities #407,Extrovert
I like working independently #440,Introvert
I like working in teams #388,Extrovert
I enjoy quiet evenings at home #507,Introvert
I like working in teams #790,Extrovert
I feel comfortable being alone #945,Introvert
I love meeting new people #273,Extrovert
I like being the center of attention #648,Extrovert
I like small group conversations #543,Introvert
I enjoy talking on calls for hours #49,Extrovert
I feel drained after social gatherings #53,Introvert
I enjoy group activities #151,Extrovert
I enjoy solo hobbies like painting #422,Introvert
I enjoy talking on calls for hours #279,Extrovert
I enjoy quiet evenings at home #718,Introvert
I like working independently #899,Introvert
I avoid large crowds #981,Introvert
I feel bored when alone #346,Extrovert
I enjoy parties and social events #589,Extrovert
I like working in teams #203,Extrovert
I enjoy solo hobbies like painting #685,Introvert
I enjoy talking on calls for hours #271,Extrovert
I love hanging out with friends #723,Extrovert
I like small group conversations #835,Introvert
I enjoy quiet evenings at home #568,Introvert
I like working independently #922,Introvert
I feel comfortable being alone #110,Introvert
I feel comfortable being alone #584,Introvert
I like working in teams #397,Extrovert
I enjoy group activities #247,Extrovert
I prefer staying home on weekends #500,Introvert
I enjoy parties and social events #385,Extrovert
I enjoy group activities #611,Extrovert
I enjoy talking on calls for hours #154,Extrovert
I feel drained after social gatherings #156,Introvert
I prefer texting over calling #254,Introvert
I love meeting new people #944,Extrovert
I enjoy solo hobbies like painting #573,Introvert
I enjoy group activities #653,Extrovert
I like working in teams #728,Extrovert
I prefer texting over calling #780,Introvert
I feel comfortable being alone #881,Introvert
I feel bored when alone #156,Extrovert
I actively participate in events #453,Extrovert
I love hanging out with friends #935,Extrovert
I enjoy parties and social events #709,Extrovert
I feel drained after social gatherings #481,Introvert
I love meeting new people #721,Extrovert
I love meeting new people #396,Extrovert
I enjoy solo hobbies like painting #333,Introvert
I avoid large crowds #527,Introvert
I feel energized in crowds #44,Extrovert
I actively participate in events #336,Extrovert
I feel drained after social gatherings #530,Introvert
I avoid large crowds #193,Introvert
I feel comfortable being alone #85,Introvert
I enjoy group activities #980,Extrovert
I enjoy group activities #505,Extrovert
I prefer spending time alone reading books #673,Introvert
I feel drained after social gatherings #656,Introvert
I avoid large crowds #388,Introvert
I enjoy talking on calls for hours #567,Extrovert
I prefer texting over calling #488,Introvert
I love meeting new people #191,Extrovert
I feel energized in crowds #865,Extrovert
I love meeting new people #143,Extrovert
I feel bored when alone #122,Extrovert
I feel bored when alone #133,Extrovert
I avoid large crowds #738,Introvert
I like working independently #679,Introvert
I actively participate in events #824,Extrovert
I love hanging out with friends #404,Extrovert
I prefer staying home on weekends #852,Introvert
I enjoy parties and social events #196,Extrovert
I like working in teams #50,Extrovert
I love meeting new people #383,Extrovert
I love meeting new people #741,Extrovert
I like working in teams #492,Extrovert
I like being the center of attention #789,Extrovert
I enjoy parties and social events #759,Extrovert
I actively participate in events #483,Extrovert
I like being the center of attention #356,Extrovert
I feel energized in crowds #258,Extrovert
I actively participate in events #763,Extrovert
I enjoy quiet evenings at home #455,Introvert
I enjoy solo hobbies like painting #391,Introvert
I feel energized in crowds #800,Extrovert
I like being the center of attention #59,Extrovert
I avoid large crowds #712,Introvert
I feel comfortable being alone #762,Introvert
I prefer texting over calling #497,Introvert
I avoid large crowds #304,Introvert
I like being the center of attention #183,Extrovert
I love meeting new people #553,Extrovert
I love hanging out with friends #181,Extrovert
I prefer spending time alone reading books #515,Introvert
I feel drained after social gatherings #36,Introvert
I love hanging out with friends #75,Extrovert
I enjoy parties and social events #294,Extrovert
I feel comfortable being alone #260,Introvert
I love hanging out with friends #320,Extrovert
I enjoy group activities #413,Extrovert
I avoid large crowds #343,Introvert
I enjoy quiet evenings at home #642,Introvert
I like being the center of attention #384,Extrovert
I like working independently #133,Introvert
I feel energized in crowds #957,Extrovert
I enjoy group activities #235,Extrovert
I enjoy talking on calls for hours #557,Extrovert
I like working in teams #645,Extrovert
I avoid large crowds #774,Introvert
I avoid large crowds #886,Introvert
I prefer spending time alone reading books #929,Introvert
I like being the center of attention #257,Extrovert
I avoid large crowds #844,Introvert
I love meeting new people #481,Extrovert
I actively participate in events #698,Extrovert
I feel drained after social gatherings #197,Introvert
I enjoy group activities #339,Extrovert
I enjoy quiet evenings at home #286,Introvert
I enjoy parties and social events #428,Extrovert
I enjoy talking on calls for hours #753,Extrovert
I love hanging out with friends #570,Extrovert
I love meeting new people #327,Extrovert
I enjoy group activities #760,Extrovert
I enjoy solo hobbies like painting #820,Introvert
I avoid large crowds #117,Introvert
I enjoy solo hobbies like painting #555,Introvert
I feel energized in crowds #982,Extrovert
I prefer staying home on weekends #491,Introvert
I feel bored when alone #887,Extrovert
I avoid large crowds #674,Introvert
I like working in teams #120,Extrovert
I avoid large crowds #661,Introvert
I prefer staying home on weekends #379,Introvert
I enjoy group activities #421,Extrovert
I like small group conversations #846,Introvert
I feel bored when alone #425,Extrovert
I love meeting new people #595,Extrovert
I like working in teams #919,Extrovert
I like small group conversations #385,Introvert
I actively participate in events #205,Extrovert
I enjoy parties and social events #180,Extrovert
I enjoy group activities #108,Extrovert
I enjoy parties and social events #227,Extrovert
I like small group conversations #242,Introvert
I love meeting new people #796,Extrovert
I avoid large crowds #114,Introvert
I like being the center of attention #952,Extrovert
I love hanging out with friends #863,Extrovert
I feel bored when alone #145,Extrovert
I prefer spending time alone reading books #201,Introvert
I actively participate in events #377,Extrovert
I like working in teams #466,Extrovert
I feel drained after social gatherings #697,Introvert
I enjoy parties and social events #703,Extrovert
I like small group conversations #779,Introvert
I actively participate in events #993,Extrovert
I love meeting new people #123,Extrovert
I love hanging out with friends #39,Extrovert
I enjoy talking on calls for hours #768,Extrovert
I enjoy parties and social events #499,Extrovert
I feel drained after social gatherings #933,Introvert
I love meeting new people #331,Extrovert
I like small group conversations #859,Introvert
I avoid large crowds #401,Introvert
I feel drained after social gatherings #199,Introvert
I prefer spending time alone reading books #381,Introvert
I like working independently #206,Introvert
I enjoy talking on calls for hours #798,Extrovert
I prefer spending time alone reading books #663,Introvert
I love meeting new people #609,Extrovert
I feel energized in crowds #93,Extrovert
I feel comfortable being alone #224,Introvert
I enjoy parties and social events #402,Extrovert
I feel drained after social gatherings #623,Introvert
I prefer spending time alone reading books #508,Introvert
I prefer staying home on weekends #566,Introvert
I feel drained after social gatherings #347,Introvert
I avoid large crowds #142,Introvert
I like small group conversations #10,Introvert
I feel comfortable being alone #322,Introvert
I enjoy group activities #276,Extrovert
I like working in teams #100,Extrovert
I feel energized in crowds #242,Extrovert
I enjoy talking on calls for hours #195,Extrovert
I actively participate in events #821,Extrovert
I love meeting new people #901,Extrovert
I like being the center of attention #563,Extrovert
I love meeting new people #217,Extrovert
I enjoy parties and social events #172,Extrovert
I like being the center of attention #527,Extrovert
I like small group conversations #118,Introvert
I like being the center of attention #974,Extrovert
I feel drained after social gatherings #266,Introvert
I prefer staying home on weekends #556,Introvert
I feel bored when alone #799,Extrovert
I love meeting new people #274,Extrovert
I feel bored when alone #592,Extrovert
I enjoy quiet evenings at home #479,Introvert
I like being the center of attention #371,Extrovert
I like working independently #365,Introvert
I feel comfortable being alone #360,Introvert
I enjoy quiet evenings at home #309,Introvert
I like small group conversations #940,Introvert
I love meeting new people #97,Extrovert
I prefer texting over calling #559,Introvert
I love hanging out with friends #855,Extrovert
I love hanging out with friends #153,Extrovert
I love hanging out with friends #368,Extrovert
I enjoy parties and social events #501,Extrovert
I prefer spending time alone reading books #523,Introvert
I love meeting new people #636,Extrovert
I enjoy quiet evenings at home #411,Introvert
I enjoy solo hobbies like painting #124,Introvert
I like working independently #561,Introvert
I love meeting new people #668,Extrovert
I enjoy talking on calls for hours #937,Extrovert
I love hanging out with friends #523,Extrovert
I prefer staying home on weekends #28,Introvert
I prefer staying home on weekends #785,Introvert
I prefer spending time alone reading books #743,Introvert
I like working in teams #471,Extrovert
I prefer staying home on weekends #448,Introvert
I actively participate in events #873,Extrovert
I like working in teams #308,Extrovert
I feel energized in crowds #556,Extrovert
I feel comfortable being alone #987,Introvert
I enjoy talking on calls for hours #844,Extrovert
I enjoy group activities #136,Extrovert
I feel comfortable being alone #396,Introvert
I actively participate in events #372,Extrovert
I feel bored when alone #463,Extrovert
I love meeting new people #7,Extrovert
I like being the center of attention #574,Extrovert
I feel bored when alone #167,Extrovert
I actively participate in events #344,Extrovert
I feel comfortable being alone #328,Introvert
I love meeting new people #398,Extrovert
I love hanging out with friends #674,Extrovert
I love meeting new people #423,Extrovert
I enjoy group activities #175,Extrovert
I enjoy talking on calls for hours #58,Extrovert
I feel comfortable being alone #231,Introvert
I love hanging out with friends #5,Extrovert
I enjoy parties and social events #194,Extrovert
I like working in teams #459,Extrovert
I actively participate in events #888,Extrovert
I enjoy quiet evenings at home #334,Introvert
I feel drained after social gatherings #938,Introvert
I feel drained after social gatherings #572,Introvert
I love meeting new people #178,Extrovert
I enjoy parties and social events #858,Extrovert
I prefer texting over calling #790,Introvert
I like being the center of attention #302,Extrovert
I prefer texting over calling #671,Introvert
I actively participate in events #642,Extrovert
I like being the center of attention #82,Extrovert
I prefer staying home on weekends #456,Introvert
I actively participate in events #620,Extrovert
I enjoy solo hobbies like painting #894,Introvert
I love hanging out with friends #40,Extrovert
I prefer staying home on weekends #927,Introvert
I prefer staying home on weekends #441,Introvert
I like working in teams #748,Extrovert
I enjoy talking on calls for hours #152,Extrovert
I enjoy group activities #833,Extrovert
I love meeting new people #488,Extrovert
I prefer texting over calling #410,Introvert
I prefer spending time alone reading books #857,Introvert
I feel drained after social gatherings #710,Introvert
I like working independently #311,Introvert
I enjoy solo hobbies like painting #38,Introvert
I like working in teams #547,Extrovert
I love meeting new people #921,Extrovert
I prefer texting over calling #943,Introvert
I like working in teams #109,Extrovert
I avoid large crowds #308,Introvert
I like working independently #245,Introvert
I enjoy parties and social events #854,Extrovert
I enjoy group activities #535,Extrovert
I enjoy solo hobbies like painting #542,Introvert
I prefer spending time alone reading books #620,Introvert
I like working independently #100,Introvert
I like working independently #68,Introvert
I feel comfortable being alone #755,Introvert
I enjoy quiet evenings at home #152,Introvert
I feel comfortable being alone #957,Introvert
I prefer staying home on weekends #71,Introvert
I feel comfortable being alone #176,Introvert
I feel bored when alone #213,Extrovert
I prefer texting over calling #993,Introvert
I like small group conversations #337,Introvert
I enjoy quiet evenings at home #564,Introvert
I like working in teams #367,Extrovert
I enjoy solo hobbies like painting #725,Introvert
I like working in teams #808,Extrovert
I feel energized in crowds #91,Extrovert
I enjoy quiet evenings at home #919,Introvert
I feel comfortable being alone #348,Introvert
I feel drained after social gatherings #812,Introvert
I like small group conversations #707,Introvert
I like working independently #921,Introvert
I prefer spending time alone reading books #375,Introvert
I love meeting new people #256,Extrovert
I prefer spending time alone reading books #781,Introvert
I prefer texting over calling #344,Introvert
I enjoy quiet evenings at home #258,Introvert
I enjoy quiet evenings at home #709,Introvert
I prefer staying home on weekends #180,Introvert
I enjoy quiet evenings at home #255,Introvert
I enjoy quiet evenings at home #689,Introvert
I like working independently #91,Introvert
I like working in teams #72,Extrovert
I prefer spending time alone reading books #384,Introvert
I feel energized in crowds #293,Extrovert
I love meeting new people #820,Extrovert
I like working in teams #564,Extrovert
I enjoy solo hobbies like painting #445,Introvert
I enjoy parties and social events #390,Extrovert
I prefer spending time alone reading books #726,Introvert
I like small group conversations #412,Introvert
I feel comfortable being alone #78,Introvert
I like working in teams #200,Extrovert
I feel energized in crowds #830,Extrovert
I actively participate in events #139,Extrovert
I like working in teams #754,Extrovert
I prefer staying home on weekends #594,Introvert
I like working in teams #389,Extrovert
I avoid large crowds #782,Introvert
I like small group conversations #113,Introvert
I love hanging out with friends #767,Extrovert
I enjoy group activities #254,Extrovert
I avoid large crowds #590,Introvert
I enjoy parties and social events #927,Extrovert
I like working independently #905,Introvert
I love hanging out with friends #848,Extrovert
I like working independently #29,Introvert
I prefer staying home on weekends #708,Introvert
I enjoy talking on calls for hours #66,Extrovert
I feel drained after social gatherings #325,Introvert
I feel comfortable being alone #424,Introvert
I feel energized in crowds #159,Extrovert
I like being the center of attention #714,Extrovert
I feel energized in crowds #689,Extrovert
I actively participate in events #541,Extrovert
I like working in teams #121,Extrovert
I feel bored when alone #14,Extrovert
I like being the center of attention #209,Extrovert
I enjoy group activities #623,Extrovert
I enjoy parties and social events #116,Extrovert
I like working in teams #125,Extrovert
I like small group conversations #696,Introvert
I feel energized in crowds #29,Extrovert
I feel bored when alone #961,Extrovert
I enjoy solo hobbies like painting #632,Introvert
I like working independently #453,Introvert
I feel bored when alone #415,Extrovert
I enjoy talking on calls for hours #259,Extrovert
I enjoy parties and social events #358,Extrovert
I like being the center of attention #13,Extrovert
I enjoy talking on calls for hours #640,Extrovert
I feel energized in crowds #930,Extrovert
I like working in teams #228,Extrovert
I enjoy talking on calls for hours #859,Extrovert
I enjoy group activities #417,Extrovert
I enjoy parties and social events #400,Extrovert
I like small group conversations #458,Introvert
I actively participate in events #482,Extrovert
I like small group conversations #316,Introvert
I like small group conversations #436,Introvert
I feel comfortable being alone #183,Introvert
I love meeting new people #601,Extrovert
I feel comfortable being alone #30,Introvert
I feel bored when alone #739,Extrovert
I enjoy group activities #832,Extrovert
I enjoy quiet evenings at home #654,Introvert
I prefer spending time alone reading books #421,Introvert
I love hanging out with friends #489,Extrovert
I actively participate in events #171,Extrovert
I avoid large crowds #606,Introvert
I enjoy group activities #56,Extrovert
I enjoy group activities #179,Extrovert
I prefer texting over calling #768,Introvert
I enjoy quiet evenings at home #526,Introvert
I actively participate in events #16,Extrovert
I prefer spending time alone reading books #783,Introvert
I enjoy group activities #314,Extrovert
I actively participate in events #682,Extrovert
I feel bored when alone #162,Extrovert
I feel drained after social gatherings #840,Introvert
I like being the center of attention #978,Extrovert
I like working in teams #819,Extrovert
I actively participate in events #962,Extrovert
I like being the center of attention #598,Extrovert
I actively participate in events #627,Extrovert
I avoid large crowds #97,Introvert
I enjoy quiet evenings at home #619,Introvert
I enjoy talking on calls for hours #672,Extrovert
I enjoy quiet evenings at home #513,Introvert
I love meeting new people #337,Extrovert
I feel bored when alone #289,Extrovert
I love hanging out with friends #395,Extrovert
I feel drained after social gatherings #326,Introvert
I feel energized in crowds #591,Extrovert
I prefer staying home on weekends #79,Introvert
I feel comfortable being alone #604,Introvert
I avoid large crowds #534,Introvert
I prefer staying home on weekends #833,Introvert
I prefer texting over calling #659,Introvert
I prefer texting over calling #364,Introvert
I enjoy solo hobbies like painting #837,Introvert
I love meeting new people #849,Extrovert
I enjoy quiet evenings at home #608,Introvert
I like small group conversations #55,Introvert
I love meeting new people #426,Extrovert
I prefer staying home on weekends #265,Introvert
I feel bored when alone #319,Extrovert
I enjoy solo hobbies like painting #969,Introvert
I enjoy talking on calls for hours #692,Extrovert
I prefer staying home on weekends #2,Introvert
I like small group conversations #490,Introvert
I feel bored when alone #948,Extrovert
I actively participate in events #150,Extrovert
I like being the center of attention #594,Extrovert
I prefer texting over calling #480,Introvert
I like small group conversations #430,Introvert
I enjoy talking on calls for hours #964,Extrovert
I enjoy quiet evenings at home #351,Introvert
I enjoy solo hobbies like painting #26,Introvert
I enjoy quiet evenings at home #516,Introvert
I enjoy talking on calls for hours #369,Extrovert
I like being the center of attention #173,Extrovert
I feel energized in crowds #115,Extrovert
I prefer staying home on weekends #574,Introvert
I like working independently #383,Introvert
I prefer spending time alone reading books #145,Introvert
I enjoy talking on calls for hours #480,Extrovert
I like working independently #549,Introvert
I prefer spending time alone reading books #680,Introvert
I prefer staying home on weekends #250,Introvert
I feel drained after social gatherings #205,Introvert
I like small group conversations #404,Introvert
I enjoy parties and social events #360,Extrovert
I prefer texting over calling #209,Introvert
I prefer texting over calling #517,Introvert
I feel comfortable being alone #148,Introvert
I enjoy solo hobbies like painting #464,Introvert
I enjoy talking on calls for hours #236,Extrovert
I feel energized in crowds #900,Extrovert
I enjoy talking on calls for hours #88,Extrovert
I like being the center of attention #290,Extrovert
I enjoy parties and social events #912,Extrovert
I avoid large crowds #988,Introvert
I love meeting new people #973,Extrovert
I prefer staying home on weekends #380,Introvert
I feel comfortable being alone #963,Introvert
I feel drained after social gatherings #614,Introvert
I feel comfortable being alone #115,Introvert
I like working in teams #348,Extrovert
I enjoy talking on calls for hours #464,Extrovert
I like small group conversations #32,Introvert
I love hanging out with friends #586,Extrovert
I enjoy solo hobbies like painting #589,Introvert
I like working in teams #374,Extrovert
I prefer spending time alone reading books #649,Introvert
I enjoy solo hobbies like painting #74,Introvert
I enjoy quiet evenings at home #444,Introvert
I avoid large crowds #106,Introvert
I enjoy parties and social events #329,Extrovert
I enjoy parties and social events #878,Extrovert
I avoid large crowds #50,Introvert
I feel comfortable being alone #270,Introvert
I enjoy parties and social events #727,Extrovert
I like working independently #699,Introvert
I love meeting new people #751,Extrovert
I feel energized in crowds #560,Extrovert
I enjoy quiet evenings at home #394,Introvert
I love hanging out with friends #690,Extrovert
I enjoy parties and social events #513,Extrovert
I enjoy talking on calls for hours #769,Extrovert
I like being the center of attention #192,Extrovert
I enjoy parties and social events #223,Extrovert
I enjoy group activities #910,Extrovert
I prefer staying home on weekends #471,Introvert
I enjoy group activities #582,Extrovert
I like working in teams #204,Extrovert
I love meeting new people #996,Extrovert
I feel comfortable being alone #509,Introvert
I feel comfortable being alone #800,Introvert
I enjoy group activities #474,Extrovert
I feel comfortable being alone #319,Introvert
I prefer texting over calling #77,Introvert
I enjoy group activities #502,Extrovert
I prefer texting over calling #862,Introvert
I prefer staying home on weekends #630,Introvert
I prefer spending time alone reading books #748,Introvert
I enjoy talking on calls for hours #161,Extrovert
I enjoy talking on calls for hours #510,Extrovert
I enjoy solo hobbies like painting #247,Introvert
I feel drained after social gatherings #625,Introvert
I prefer staying home on weekends #186,Introvert
I love hanging out with friends #174,Extrovert
I feel comfortable being alone #724,Introvert
I love hanging out with friends #321,Extrovert
I enjoy quiet evenings at home #136,Introvert
I enjoy solo hobbies like painting #498,Introvert
I like working in teams #880,Extrovert
I like working in teams #860,Extrovert
I enjoy quiet evenings at home #896,Introvert
I enjoy talking on calls for hours #904,Extrovert
I enjoy talking on calls for hours #12,Extrovert
I enjoy talking on calls for hours #947,Extrovert
I enjoy group activities #304,Extrovert
I actively participate in events #135,Extrovert
I like being the center of attention #795,Extrovert
I enjoy solo hobbies like painting #329,Introvert
I love hanging out with friends #928,Extrovert
I enjoy solo hobbies like painting #80,Introvert
I enjoy talking on calls for hours #729,Extrovert
I actively participate in events #775,Extrovert
I love hanging out with friends #757,Extrovert
I like being the center of attention #540,Extrovert
I feel comfortable being alone #184,Introvert
I love meeting new people #409,Extrovert
I like working independently #39,Introvert
I prefer spending time alone reading books #476,Introvert
I like small group conversations #552,Introvert
I feel drained after social gatherings #970,Introvert
I like working in teams #969,Extrovert
I prefer texting over calling #558,Introvert
I enjoy talking on calls for hours #31,Extrovert
I prefer texting over calling #213,Introvert
I enjoy group activities #705,Extrovert
I like working in teams #644,Extrovert
I love hanging out with friends #809,Extrovert
I avoid large crowds #805,Introvert
I like working independently #9,Introvert
I enjoy solo hobbies like painting #312,Introvert
I enjoy parties and social events #155,Extrovert
I enjoy solo hobbies like painting #173,Introvert
I feel bored when alone #807,Extrovert
I prefer staying home on weekends #290,Introvert
I actively participate in events #146,Extrovert
I actively participate in events #655,Extrovert
I enjoy quiet evenings at home #532,Introvert
I enjoy parties and social events #571,Extrovert
I feel bored when alone #516,Extrovert
I like small group conversations #789,Introvert
I enjoy talking on calls for hours #467,Extrovert
I feel comfortable being alone #633,Introvert
I like working independently #130,Introvert
I enjoy group activities #870,Extrovert
I feel bored when alone #864,Extrovert
I prefer texting over calling #269,Introvert
I prefer spending time alone reading books #276,Introvert
I enjoy solo hobbies like painting #355,Introvert
I prefer staying home on weekends #848,Introvert
I love hanging out with friends #939,Extrovert
I feel comfortable being alone #952,Introvert
I prefer spending time alone reading books #551,Introvert
I feel energized in crowds #309,Extrovert
I prefer staying home on weekends #310,Introvert
I enjoy solo hobbies like painting #560,Introvert
I prefer texting over calling #651,Introvert
I feel comfortable being alone #912,Introvert
I love meeting new people #26,Extrovert
I like being the center of attention #802,Extrovert
I feel energized in crowds #73,Extrovert
I feel drained after social gatherings #907,Introvert
I enjoy solo hobbies like painting #615,Introvert
I prefer texting over calling #194,Introvert
I enjoy talking on calls for hours #950,Extrovert
I enjoy talking on calls for hours #738,Extrovert
I like working independently #694,Introvert
I prefer spending time alone reading books #264,Introvert
I prefer staying home on weekends #15,Introvert
I feel drained after social gatherings #192,Introvert
I enjoy group activities #511,Extrovert
I like working in teams #454,Extrovert
I prefer staying home on weekends #716,Introvert
I like small group conversations #398,Introvert
I enjoy group activities #688,Extrovert
I enjoy talking on calls for hours #602,Extrovert
I enjoy solo hobbies like painting #159,Introvert
I enjoy solo hobbies like painting #252,Introvert
I love meeting new people #801,Extrovert
I enjoy solo hobbies like painting #166,Introvert
I actively participate in events #433,Extrovert
I prefer texting over calling #553,Introvert
I enjoy solo hobbies like painting #937,Introvert
I avoid large crowds #465,Introvert
I love hanging out with friends #207,Extrovert
I feel bored when alone #977,Extrovert
I enjoy group activities #491,Extrovert
I enjoy group activities #101,Extrovert
I avoid large crowds #732,Introvert
I love meeting new people #128,Extrovert
I feel energized in crowds #495,Extrovert
I enjoy parties and social events #278,Extrovert
I enjoy talking on calls for hours #943,Extrovert
I enjoy talking on calls for hours #357,Extrovert
I like working in teams #585,Extrovert
I feel bored when alone #393,Extrovert
I actively participate in events #826,Extrovert
I feel bored when alone #243,Extrovert
I like being the center of attention #503,Extrovert
I enjoy solo hobbies like painting #177,Introvert
I actively participate in events #403,Extrovert
I enjoy solo hobbies like painting #17,Introvert
I enjoy talking on calls for hours #484,Extrovert
I enjoy group activities #378,Extrovert
I feel bored when alone #38,Extrovert
I enjoy talking on calls for hours #555,Extrovert
I feel drained after social gatherings #132,Introvert
I love meeting new people #925,Extrovert
I enjoy solo hobbies like painting #447,Introvert
I enjoy quiet evenings at home #233,Introvert
I enjoy talking on calls for hours #874,Extrovert
I actively participate in events #691,Extrovert
I prefer texting over calling #43,Introvert
I feel bored when alone #19,Extrovert
I enjoy group activities #607,Extrovert
I enjoy solo hobbies like painting #25,Introvert
I feel drained after social gatherings #450,Introvert
I feel comfortable being alone #443,Introvert
I enjoy parties and social events #124,Extrovert
I love hanging out with friends #52,Extrovert
I prefer staying home on weekends #73,Introvert
I like working in teams #780,Extrovert
I like small group conversations #460,Introvert
I avoid large crowds #592,Introvert
I feel bored when alone #317,Extrovert
I love hanging out with friends #676,Extrovert
I love hanging out with friends #246,Extrovert
I avoid large crowds #84,Introvert
I love hanging out with friends #847,Extrovert
I like working in teams #9,Extrovert
I enjoy group activities #621,Extrovert
I feel comfortable being alone #664,Introvert
I enjoy solo hobbies like painting #281,Introvert
I enjoy solo hobbies like painting #767,Introvert
I avoid large crowds #879,Introvert
I like working in teams #628,Extrovert
I feel energized in crowds #68,Extrovert
I feel drained after social gatherings #52,Introvert
I feel drained after social gatherings #971,Introvert
I feel comfortable being alone #751,Introvert
I like working independently #759,Introvert
I like working independently #49,Introvert
I like working independently #617,Introvert
I actively participate in events #879,Extrovert
I like working independently #189,Introvert
I prefer spending time alone reading books #399,Introvert
I avoid large crowds #413,Introvert
I like working independently #251,Introvert
I avoid large crowds #121,Introvert
I love meeting new people #886,Extrovert
I avoid large crowds #947,Introvert
I enjoy quiet evenings at home #955,Introvert
I feel drained after social gatherings #545,Introvert
I feel drained after social gatherings #512,Introvert
I prefer staying home on weekends #795,Introvert
I prefer staying home on weekends #423,Introvert
I enjoy solo hobbies like painting #646,Introvert
I feel drained after social gatherings #161,Introvert
I like small group conversations #874,Introvert
I prefer texting over calling #918,Introvert
I like working in teams #406,Extrovert
I enjoy solo hobbies like painting #968,Introvert
I enjoy quiet evenings at home #653,Introvert
I enjoy parties and social events #677,Extrovert
I love hanging out with friends #608,Extrovert
I enjoy parties and social events #777,Extrovert
I like small group conversations #655,Introvert
I feel comfortable being alone #409,Introvert
I avoid large crowds #165,Introvert
I love meeting new people #680,Extrovert
I like working independently #222,Introvert
I enjoy quiet evenings at home #390,Introvert
I enjoy talking on calls for hours #350,Extrovert
I love hanging out with friends #299,Extrovert
I like small group conversations #700,Introvert
I avoid large crowds #86,Introvert
I love hanging out with friends #857,Extrovert
I feel energized in crowds #431,Extrovert
I feel drained after social gatherings #611,Introvert
I enjoy parties and social events #15,Extrovert
I enjoy solo hobbies like painting #408,Introvert
I feel comfortable being alone #711,Introvert
I prefer texting over calling #965,Introvert
I enjoy group activities #392,Extrovert
I love meeting new people #736,Extrovert
I like being the center of attention #283,Extrovert
I enjoy talking on calls for hours #630,Extrovert
I like working independently #155,Introvert
I feel drained after social gatherings #996,Introvert
I feel energized in crowds #551,Extrovert
I like working in teams #103,Extrovert
I feel energized in crowds #773,Extrovert
I enjoy quiet evenings at home #521,Introvert
I avoid large crowds #997,Introvert
I like small group conversations #756,Introvert
I enjoy talking on calls for hours #361,Extrovert
I enjoy parties and social events #250,Extrovert
I prefer staying home on weekends #21,Introvert
I feel bored when alone #718,Extrovert
I enjoy quiet evenings at home #87,Introvert
I feel bored when alone #617,Extrovert
I enjoy parties and social events #846,Extrovert
I enjoy talking on calls for hours #892,Extrovert
I like working independently #249,Introvert
I prefer texting over calling #953,Introvert
I like small group conversations #600,Introvert
I love meeting new people #831,Extrovert
I feel energized in crowds #536,Extrovert
I like small group conversations #452,Introvert
I enjoy quiet evenings at home #640,Introvert
I feel drained after social gatherings #528,Introvert
I love meeting new people #288,Extrovert
I enjoy solo hobbies like painting #579,Introvert
I feel bored when alone #793,Extrovert
I feel energized in crowds #212,Extrovert
I love hanging out with friends #468,Extrovert
I prefer texting over calling #317,Introvert
I enjoy group activities #76,Extrovert
I love meeting new people #268,Extrovert
I enjoy group activities #622,Extrovert
I feel drained after social gatherings #457,Introvert
I enjoy talking on calls for hours #732,Extrovert
I love meeting new people #500,Extrovert
I prefer spending time alone reading books #576,Introvert
I love hanging out with friends #533,Extrovert
I feel energized in crowds #604,Extrovert
I prefer staying home on weekends #164,Introvert
I actively participate in events #981,Extrovert
I love meeting new people #771,Extrovert
I feel energized in crowds #496,Extrovert
I actively participate in events #84,Extrovert
I enjoy parties and social events #972,Extrovert
I prefer staying home on weekends #577,Introvert
I like being the center of attention #343,Extrovert
I avoid large crowds #42,Introvert
I enjoy solo hobbies like painting #403,Introvert
I enjoy solo hobbies like painting #387,Introvert
I actively participate in events #275,Extrovert
I prefer spending time alone reading books #330,Introvert
I prefer spending time alone reading books #434,Introvert
I like being the center of attention #647,Extrovert
I enjoy solo hobbies like painting #449,Introvert
I like working in teams #220,Extrovert
I like being the center of attention #168,Extrovert
I love meeting new people #255,Extrovert
I enjoy solo hobbies like painting #451,Introvert
I feel energized in crowds #219,Extrovert
I enjoy solo hobbies like painting #442,Introvert
I like small group conversations #792,Introvert
I enjoy group activities #786,Extrovert
I enjoy parties and social events #253,Extrovert
I like working independently #739,Introvert
I like working in teams #827,Extrovert
I love hanging out with friends #845,Extrovert
I enjoy solo hobbies like painting #285,Introvert
I avoid large crowds #181,Introvert
I prefer staying home on weekends #816,Introvert
I avoid large crowds #942,Introvert
I prefer staying home on weekends #883,Introvert
I enjoy talking on calls for hours #552,Extrovert
I feel bored when alone #351,Extrovert
I love hanging out with friends #988,Extrovert
I enjoy quiet evenings at home #376,Introvert
I enjoy talking on calls for hours #719,Extrovert
I like working in teams #960,Extrovert
I prefer spending time alone reading books #796,Introvert
I feel drained after social gatherings #246,Introvert
I enjoy solo hobbies like painting #828,Introvert
I prefer spending time alone reading books #682,Introvert
I like working independently #273,Introvert
I like working independently #414,Introvert
I avoid large crowds #669,Introvert
I enjoy group activities #8,Extrovert
I love meeting new people #27,Extrovert
I enjoy quiet evenings at home #657,Introvert
I enjoy solo hobbies like painting #908,Introvert
I prefer texting over calling #877,Introvert
I prefer spending time alone reading books #135,Introvert
I enjoy group activities #776,Extrovert
I like working independently #8,Introvert
I avoid large crowds #998,Introvert
I feel comfortable being alone #219,Introvert
I prefer staying home on weekends #438,Introvert
I love meeting new people #822,Extrovert
I enjoy talking on calls for hours #436,Extrovert
I enjoy solo hobbies like painting #647,Introvert
I enjoy solo hobbies like painting #764,Introvert
I enjoy parties and social events #405,Extrovert
I like working independently #866,Introvert
I like working in teams #80,Extrovert
I feel comfortable being alone #719,Introvert
I feel bored when alone #461,Extrovert
I avoid large crowds #295,Introvert
I love hanging out with friends #762,Extrovert
I prefer staying home on weekends #777,Introvert
I prefer staying home on weekends #804,Introvert
I prefer texting over calling #215,Introvert
I like working in teams #379,Extrovert
I like working in teams #448,Extrovert
I like small group conversations #736,Introvert
I feel comfortable being alone #174,Introvert
I like being the center of attention #22,Extrovert
I like working in teams #363,Extrovert
I feel drained after social gatherings #667,Introvert
I prefer texting over calling #686,Introvert
I actively participate in events #785,Extrovert
I enjoy parties and social events #199,Extrovert
I actively participate in events #326,Extrovert
I prefer spending time alone reading books #54,Introvert
I love meeting new people #599,Extrovert
I love meeting new people #148,Extrovert
I enjoy talking on calls for hours #188,Extrovert
I enjoy group activities #87,Extrovert
I love meeting new people #53,Extrovert
I enjoy parties and social events #295,Extrovert
I like small group conversations #382,Introvert
I like small group conversations #320,Introvert
I prefer texting over calling #144,Introvert
I enjoy group activities #670,Extrovert
I enjoy solo hobbies like painting #687,Introvert
I enjoy solo hobbies like painting #57,Introvert
I feel bored when alone #443,Extrovert
I avoid large crowds #824,Introvert
I love meeting new people #325,Extrovert
I prefer texting over calling #939,Introvert
I feel bored when alone #514,Extrovert
I love hanging out with friends #234,Extrovert
I feel bored when alone #922,Extrovert
I prefer texting over calling #305,Introvert
I feel energized in crowds #35,Extrovert
I like working independently #730,Introvert
I enjoy quiet evenings at home #138,Introvert
I enjoy solo hobbies like painting #610,Introvert
I enjoy solo hobbies like painting #838,Introvert
I enjoy group activities #578,Extrovert
I avoid large crowds #715,Introvert
I prefer staying home on weekends #162,Introvert
I prefer staying home on weekends #910,Introvert
I like working independently #926,Introvert
I enjoy quiet evenings at home #188,Introvert
I feel drained after social gatherings #493,Introvert
I prefer staying home on weekends #631,Introvert
I prefer texting over calling #717,Introvert
I enjoy talking on calls for hours #99,Extrovert
I prefer texting over calling #704,Introvert
I feel energized in crowds #65,Extrovert
I like small group conversations #75,Introvert
I enjoy parties and social events #550,Extrovert
I like small group conversations #105,Introvert
I enjoy parties and social events #341,Extrovert
I enjoy quiet evenings at home #502,Introvert
I feel energized in crowds #107,Extrovert
I enjoy solo hobbies like painting #494,Introvert
I like small group conversations #660,Introvert
I enjoy quiet evenings at home #60,Introvert
I feel drained after social gatherings #474,Introvert
I like working in teams #929,Extrovert
I prefer spending time alone reading books #676,Introvert
I prefer spending time alone reading books #66,Introvert
I like working in teams #619,Extrovert
I prefer spending time alone reading books #964,Introvert
I love hanging out with friends #94,Extrovert
I prefer staying home on weekends #639,Introvert
I enjoy group activities #544,Extrovert
I feel energized in crowds #945,Extrovert
I like working independently #223,Introvert
I like working in teams #382,Extrovert
I prefer spending time alone reading books #978,Introvert
I enjoy parties and social events #546,Extrovert
I avoid large crowds #94,Introvert
I enjoy talking on calls for hours #992,Extrovert
I prefer spending time alone reading books #769,Introvert
I love meeting new people #983,Extrovert
I like working independently #160,Introvert
I like small group conversations #116,Introvert
I enjoy solo hobbies like painting #935,Introvert
I enjoy talking on calls for hours #656,Extrovert
I prefer texting over calling #986,Introvert
I prefer texting over calling #930,Introvert
I enjoy quiet evenings at home #22,Introvert
I feel bored when alone #702,Extrovert
I love hanging out with friends #687,Extrovert
I prefer texting over calling #721,Introvert
I enjoy solo hobbies like painting #346,Introvert
I enjoy parties and social events #583,Extrovert
I actively participate in events #375,Extrovert
I like working in teams #518,Extrovert
I feel comfortable being alone #678,Introvert
I feel energized in crowds #512,Extrovert
I feel drained after social gatherings #76,Introvert
I enjoy talking on calls for hours #519,Extrovert
I like working in teams #597,Extrovert
I feel comfortable being alone #210,Introvert
I like working in teams #635,Extrovert
I prefer spending time alone reading books #63,Introvert
I prefer texting over calling #377,Introvert
I feel comfortable being alone #256,Introvert
I enjoy parties and social events #111,Extrovert
I love hanging out with friends #593,Extrovert
I feel energized in crowds #113,Extrovert
I prefer texting over calling #746,Introvert
I like working independently #954,Introvert
I like small group conversations #849,Introvert
I enjoy quiet evenings at home #992,Introvert
I feel bored when alone #237,Extrovert
I prefer texting over calling #487,Introvert
I prefer staying home on weekends #371,Introvert
I feel comfortable being alone #878,Introvert
I avoid large crowds #195,Introvert
I like working in teams #814,Extrovert
I like working in teams #861,Extrovert
I like small group conversations #120,Introvert
I feel bored when alone #504,Extrovert
I avoid large crowds #64,Introvert
I prefer staying home on weekends #798,Introvert
I feel drained after social gatherings #644,Introvert
I prefer staying home on weekends #946,Introvert
I like being the center of attention #889,Extrovert
I prefer staying home on weekends #714,Introvert
I enjoy talking on calls for hours #941,Extrovert
I prefer spending time alone reading books #791,Introvert
I enjoy quiet evenings at home #58,Introvert
I prefer texting over calling #839,Introvert
I love hanging out with friends #64,Extrovert
I enjoy quiet evenings at home #504,Introvert
I feel energized in crowds #605,Extrovert
I feel energized in crowds #401,Extrovert
I feel comfortable being alone #753,Introvert
I feel comfortable being alone #439,Introvert
I love hanging out with friends #345,Extrovert
I feel comfortable being alone #486,Introvert
I feel comfortable being alone #211,Introvert
I enjoy group activities #266,Extrovert
I prefer texting over calling #563,Introvert
I feel bored when alone #48,Extrovert
I feel bored when alone #679,Extrovert
I like working in teams #457,Extrovert
I like working independently #187,Introvert
I enjoy parties and social events #4,Extrovert
I actively participate in events #233,Extrovert
I feel bored when alone #979,Extrovert
I enjoy talking on calls for hours #296,Extrovert
I enjoy solo hobbies like painting #830,Introvert
I feel energized in crowds #746,Extrovert
I like working independently #747,Introvert
I enjoy talking on calls for hours #71,Extrovert
I enjoy quiet evenings at home #876,Introvert
I prefer spending time alone reading books #902,Introvert
I feel bored when alone #297,Extrovert
I like small group conversations #763,Introvert
I like small group conversations #871,Introvert
I feel energized in crowds #96,Extrovert
I love hanging out with friends #280,Extrovert
I prefer staying home on weekends #599,Introvert
I love meeting new people #839,Extrovert
I enjoy quiet evenings at home #314,Introvert
I like working independently #495,Introvert
I like small group conversations #158,Introvert
I enjoy quiet evenings at home #112,Introvert
I love meeting new people #565,Extrovert
I prefer texting over calling #702,Introvert
I avoid large crowds #757,Introvert
I enjoy quiet evenings at home #665,Introvert
I avoid large crowds #420,Introvert
I prefer staying home on weekends #349,Introvert
I avoid large crowds #122,Introvert
I enjoy solo hobbies like painting #985,Introvert
I love meeting new people #562,Extrovert
I love hanging out with friends #896,Extrovert
I enjoy parties and social events #949,Extrovert
I feel bored when alone #569,Extrovert
I feel energized in crowds #774,Extrovert
I prefer texting over calling #931,Introvert
I enjoy talking on calls for hours #554,Extrovert
I like being the center of attention #439,Extrovert
I love meeting new people #661,Extrovert
I actively participate in events #248,Extrovert
I love meeting new people #442,Extrovert
I enjoy parties and social events #575,Extrovert
I like small group conversations #341,Introvert
I like working independently #612,Introvert
I enjoy talking on calls for hours #211,Extrovert
I like being the center of attention #787,Extrovert
I actively participate in events #230,Extrovert
I enjoy talking on calls for hours #373,Extrovert
I feel comfortable being alone #154,Introvert
I feel bored when alone #990,Extrovert
I like being the center of attention #539,Extrovert
I enjoy parties and social events #836,Extrovert
I enjoy parties and social events #829,Extrovert
I enjoy talking on calls for hours #462,Extrovert
I enjoy talking on calls for hours #791,Extrovert
I like being the center of attention #119,Extrovert
I enjoy parties and social events #684,Extrovert
I enjoy parties and social events #695,Extrovert
I feel drained after social gatherings #670,Introvert
I feel energized in crowds #166,Extrovert
I like working in teams #917,Extrovert
I love hanging out with friends #225,Extrovert
I feel energized in crowds #765,Extrovert
I love meeting new people #913,Extrovert
I feel bored when alone #106,Extrovert
I like small group conversations #301,Introvert
I prefer texting over calling #818,Introvert
I love hanging out with friends #240,Extrovert
I feel energized in crowds #478,Extrovert
I prefer staying home on weekends #994,Introvert
I feel bored when alone #63,Extrovert
I feel energized in crowds #380,Extrovert
I feel comfortable being alone #677,Introvert
I enjoy group activities #838,Extrovert
I actively participate in events #447,Extrovert
I love meeting new people #424,Extrovert
I feel drained after social gatherings #354,Introvert
I avoid large crowds #289,Introvert
I like working independently #809,Introvert
I prefer staying home on weekends #300,Introvert
I feel drained after social gatherings #150,Introvert
I feel comfortable being alone #913,Introvert
I prefer staying home on weekends #962,Introvert
I enjoy quiet evenings at home #143,Introvert
I actively participate in events #226,Extrovert
I feel drained after social gatherings #960,Introvert
I enjoy solo hobbies like painting #713,Introvert
I prefer staying home on weekends #772,Introvert
I prefer staying home on weekends #982,Introvert
I enjoy solo hobbies like painting #203,Introvert
I avoid large crowds #853,Introvert
I prefer spending time alone reading books #570,Introvert
I avoid large crowds #629,Introvert
I enjoy group activities #43,Extrovert
I prefer spending time alone reading books #126,Introvert
I like working independently #220,Introvert
I prefer staying home on weekends #966,Introvert
I prefer texting over calling #372,Introvert
I enjoy parties and social events #731,Extrovert
I avoid large crowds #892,Introvert
I enjoy talking on calls for hours #485,Extrovert
I feel drained after social gatherings #157,Introvert
I love meeting new people #666,Extrovert
I like working independently #578,Introvert
I actively participate in events #612,Extrovert
I enjoy quiet evenings at home #544,Introvert
I avoid large crowds #163,Introvert
I prefer spending time alone reading books #643,Introvert
I feel comfortable being alone #65,Introvert
I love meeting new people #359,Extrovert
I avoid large crowds #366,Introvert
I enjoy group activities #711,Extrovert
I love hanging out with friends #899,Extrovert
I feel drained after social gatherings #468,Introvert
I prefer texting over calling #914,Introvert
I like working independently #588,Introvert
I enjoy parties and social events #55,Extrovert
I enjoy talking on calls for hours #764,Extrovert
I enjoy talking on calls for hours #241,Extrovert
I enjoy quiet evenings at home #214,Introvert
I feel bored when alone #737,Extrovert
I feel bored when alone #86,Extrovert
I like working in teams #664,Extrovert
I like small group conversations #562,Introvert
I avoid large crowds #405,Introvert
I feel bored when alone #134,Extrovert
I prefer spending time alone reading books #323,Introvert
I feel bored when alone #657,Extrovert
I avoid large crowds #778,Introvert
I prefer spending time alone reading books #271,Introvert
I enjoy group activities #176,Extrovert
I like small group conversations #958,Introvert
I prefer spending time alone reading books #6,Introvert
I like working in teams #606,Extrovert
I avoid large crowds #216,Introvert
I love meeting new people #202,Extrovert
I prefer spending time alone reading books #754,Introvert
I prefer texting over calling #729,Introvert
I like working in teams #416,Extrovert
I feel energized in crowds #141,Extrovert
I feel drained after social gatherings #293,Introvert
I enjoy talking on calls for hours #249,Extrovert
I like working in teams #584,Extrovert
I feel energized in crowds #963,Extrovert
I feel drained after social gatherings #232,Introvert
I prefer staying home on weekends #740,Introvert
I like working independently #771,Introvert
I love hanging out with friends #788,Extrovert
I enjoy solo hobbies like painting #808,Introvert
I like working independently #745,Introvert
I prefer staying home on weekends #257,Introvert
I enjoy quiet evenings at home #903,Introvert
I feel comfortable being alone #24,Introvert
I prefer spending time alone reading books #196,Introvert
I like small group conversations #873,Introvert
I like working in teams #131,Extrovert
I feel energized in crowds #332,Extrovert
I love meeting new people #817,Extrovert
I like small group conversations #31,Introvert
I enjoy talking on calls for hours #897,Extrovert
I love hanging out with friends #487,Extrovert
I enjoy quiet evenings at home #306,Introvert
I prefer staying home on weekends #463,Introvert
I enjoy quiet evenings at home #102,Introvert
I like small group conversations #638,Introvert
I like working in teams #129,Extrovert
I prefer spending time alone reading books #797,Introvert
I prefer texting over calling #472,Introvert
I like small group conversations #920,Introvert
I enjoy quiet evenings at home #14,Introvert
I avoid large crowds #973,Introvert
I enjoy solo hobbies like painting #843,Introvert
I feel energized in crowds #381,Extrovert
I prefer staying home on weekends #690,Introvert
I enjoy talking on calls for hours #231,Extrovert
I like small group conversations #691,Introvert
I like being the center of attention #883,Extrovert
I prefer texting over calling #901,Introvert
I prefer spending time alone reading books #103,Introvert
I feel drained after social gatherings #302,Introvert
I prefer texting over calling #146,Introvert
I like working independently #773,Introvert
I prefer staying home on weekends #580,Introvert
I feel comfortable being alone #607,Introvert
I prefer texting over calling #811,Introvert
I like small group conversations #525,Introvert
I like working independently #218,Introvert
I prefer texting over calling #885,Introvert
I like working independently #335,Introvert
I like working independently #477,Introvert
I prefer texting over calling #172,Introvert
I enjoy solo hobbies like painting #336,Introvert
I love meeting new people #916,Extrovert
I feel energized in crowds #615,Extrovert
I feel drained after social gatherings #127,Introvert
I actively participate in events #955,Extrovert
I feel comfortable being alone #283,Introvert
I prefer staying home on weekends #891,Introvert
I prefer spending time alone reading books #510,Introvert
I enjoy quiet evenings at home #62,Introvert
I feel bored when alone #542,Extrovert
I feel energized in crowds #323,Extrovert
I enjoy group activities #277,Extrovert
I like working independently #936,Introvert
I like small group conversations #243,Introvert
I feel energized in crowds #475,Extrovert
I feel comfortable being alone #977,Introvert
I like small group conversations #294,Introvert
I feel energized in crowds #733,Extrovert
I enjoy parties and social events #57,Extrovert
I feel comfortable being alone #890,Introvert
I love hanging out with friends #637,Extrovert
I enjoy parties and social events #394,Extrovert
I like working independently #425,Introvert
I enjoy group activities #132,Extrovert
I love hanging out with friends #906,Extrovert
I actively participate in events #470,Extrovert
I enjoy parties and social events #210,Extrovert
I love hanging out with friends #215,Extrovert
I enjoy parties and social events #590,Extrovert
I feel comfortable being alone #641,Introvert
I love meeting new people #693,Extrovert
I enjoy quiet evenings at home #473,Introvert
I prefer spending time alone reading books #810,Introvert
I love meeting new people #744,Extrovert
I enjoy group activities #862,Extrovert
I love meeting new people #998,Extrovert
I like being the center of attention #429,Extrovert
I feel energized in crowds #772,Extrovert
I prefer texting over calling #705,Introvert
I like being the center of attention #239,Extrovert
I love hanging out with friends #286,Extrovert
I prefer spending time alone reading books #925,Introvert
I prefer texting over calling #88,Introvert
I like working independently #829,Introvert
I enjoy solo hobbies like painting #61,Introvert
I feel bored when alone #476,Extrovert
I avoid large crowds #895,Introvert
I feel comfortable being alone #865,Introvert
I love meeting new people #918,Extrovert
I prefer texting over calling #357,Introvert
I love meeting new people #850,Extrovert
I actively participate in events #667,Extrovert
I enjoy group activities #792,Extrovert
